{
  "norm_stats": {
    "state": {
      "mean": [
        -0.35347145795822144,
        1.3791112899780273,
        1.0650508403778076,
        -0.6036258339881897,
        0.20349827408790588,
        -0.25764200091362,
        0.8675456643104553,
        0.2476968914270401,
        1.5579572916030884,
        1.3215546607971191,
        -0.7977755665779114,
        -0.19437527656555176,
        0.26172101497650146,
        0.8667296171188354
      ],
      "std": [
        0.257616251707077,
        0.49187010526657104,
        0.41298535466194153,
        0.3992798924446106,
        0.28402894735336304,
        0.28382477164268494,
        0.24218527972698212,
        0.26902246475219727,
        0.5129052400588989,
        0.5050605535507202,
        0.40121591091156006,
        0.3099890947341919,
        0.3018885552883148,
        0.22786091268062592
      ],
      "q01": [
        -0.9092647452354431,
        0.003843594971159473,
        0.005531395319849253,
        -1.3658625594139098,
        -0.3726782720804215,
        -1.3351638006806374,
        0.0029859336288878694,
        -0.33201389253139496,
        0.003396810998208821,
        0.014686808921396732,
        -1.5252685998916626,
        -1.274894918048382,
        -0.7114068592786789,
        0.027026835310086608
      ],
      "q99": [
        0.26907626461982725,
        2.2329245022935327,
        2.0467342257762327,
        0.7488927809715271,
        1.0974171394348144,
        0.2685053950548171,
        0.9961038507190765,
        0.9315029790997504,
        2.476928137117997,
        2.6022701716013255,
        0.443374817657471,
        0.4353408328056334,
        0.9656734912633897,
        0.9920740491352975
      ]
    },
    "actions": {
      "mean": [
        -0.017329970374703407,
        0.024838654324412346,
        0.02285393886268139,
        -0.027810154482722282,
        -0.0027589292731136084,
        -0.0075268796645104885,
        0.8675592541694641,
        0.016914302483201027,
        0.02880229242146015,
        0.02755792625248432,
        -0.034570224583148956,
        0.007523752748966217,
        0.013282007537782192,
        0.8667271733283997
      ],
      "std": [
        0.13036860525608063,
        0.28354960680007935,
        0.2525095045566559,
        0.2647138833999634,
        0.18392334878444672,
        0.15188828110694885,
        0.24218221008777618,
        0.14355508983135223,
        0.3055616319179535,
        0.30655720829963684,
        0.27111953496932983,
        0.19160282611846924,
        0.16566318273544312,
        0.2278585582971573
      ],
      "q01": [
        -0.4720866559267044,
        -0.9207881771087646,
        -0.8496952890396118,
        -1.044148735666275,
        -0.6001037070274352,
        -0.545480916595459,
        0.0029859336288878694,
        -0.397355074262619,
        -0.9302438886165619,
        -0.985760911178589,
        -1.13540210545063,
        -0.5927301895141602,
        -0.5044524469375609,
        0.026832777957618237
      ],
      "q99": [
        0.3687532719373703,
        1.0920434069156646,
        0.9551174050807951,
        0.6379627538204193,
        0.5760510816812516,
        0.48772907910346963,
        0.9963032719875685,
        0.5243010157346726,
        1.1903209834098814,
        1.066804927635193,
        0.6378342991590502,
        0.6419421834945678,
        0.5495398602485659,
        0.9920740491352975
      ]
    }
  }
}